{"1": [1, 1, 330, 56.3955009155114, 0.700655869929743, 7646], "2": [2, 6, 341, 55.2408890894731, 0.327924352089657, 17726], "3": [3, 3, 352, 53.714201029973, 0.399597775560886, 26991], "4": [4, 3, 323, 53.448275862068996, 0.014189289580371, 2204], "5": [5, -1, 286, 52.9633113828786, 0.005651306433468, 1063], "6": [6, 6, 10, 52.8582884637416, 0.058311930889563, 8729], "7": [7, 3, 257, 52.8233451487924, 0.072883280623183, 12131], "8": [8, 5, 342, 52.7838690699043, 0.113848619277057, 18697], "9": [9, -8, 206, 52.5139664804469, 0.001899687984208, 358], "10": [10, 8, 210, 51.9823788546255, 0.001289453017214, 227], "11": [11, -2, 227, 51.975815158713004, 0.025083310338972, 4631], "12": [12, 3, 346, 51.8474101993033, 0.139213168339949, 17511], "13": [13, 7, 331, 51.681151786498106, 0.086255385986883, 11391], "14": [14, 3, 333, 51.4804445575634, 0.142975399571244, 23574], "15": [15, 10, 287, 51.469849246231206, 0.043798951457135, 7960], "16": [16, 0, 215, 51.1908350919506, 0.12739583554433, 19902], "17": [17, 5, 324, 51.05202754399391, 0.304215397024176, 31368], "18": [18, -4, 261, 50.9225853004845, 0.129582068643474, 19402], "19": [19, 0, 332, 50.823821339950406, 0.165304692972216, 20150], "20": [20, -9, 310, 50.6578947368421, 0.000817184216671, 152], "21": [21, -18, 234, 50.5996573386636, 0.009323329017469, 1751], "22": [22, 1, 297, 50.28663706096081, 0.069646382102604, 12385], "23": [23, 7, 347, 50.268096514745295, 0.013159849723006, 2238], "24": [24, 0, 12, 50.21460829321091, 0.235439263048415, 26793], "25": [25, 3, 288, 50.189633375474095, 0.116645087343196, 18984], "26": [26, 1, 325, 49.4638694638695, 0.232106849489525, 32175], "27": [27, -22, 260, 49.3472584856397, 0.004117759429457, 766], "28": [28, -2, 256, 49.1666666666667, 0.010347462483816, 1920], "29": [29, 0, 316, 49.1666425113771, 0.30434805679961, 34499], "30": [30, 3, 11, 48.988771532336, 0.705638571095027, 30013], "31": [31, 6, 298, 48.9151873767258, 0.005433744401757, 1014], "32": [32, 2, 311, 48.657078495927905, 0.032321227686626, 5771], "33": [33, -1, 290, 48.2831484416271, 0.093801074013542, 13251], "34": [34, -3, 312, 48.1074481074481, 0.017649056523677, 3276], "35": [35, 9, 267, 48.0865224625624, 0.012958206864348, 2404], "36": [36, 2, 271, 47.9518072289157, 0.008935962473203, 1660], "37": [37, -2, 304, 47.858684539361604, 0.060137329399529, 8803], "38": [38, 2, 344, 47.439302682279, 0.300983804894615, 26731], "39": [39, -3, 224, 47.0552147239264, 0.009254345934243, 1630], "40": [40, "new", 13, 46.9026548672566, 0.000610234966994, 113], "41": [41, -2, 280, 46.169526074401205, 0.034762167554603, 5887], "42": [42, -1, 326, 46.1565794148999, 0.047932630059644, 8443], "43": [43, -22, 230, 45.9677419354839, 0.00065799248615, 124], "44": [44, -1, 353, 45.533885475109095, 0.078741536306327, 11229], "45": [45, -3, 255, 45.4019753339133, 0.176867318999002, 19541], "46": [46, 3, 308, 45.262301748678304, 0.013345573408613, 2459], "47": [47, -1, 345, 44.969934463887604, 0.291119223993378, 29602], "48": [48, 2, 301, 44.8788780280493, 0.014173370407319, 2353], "49": [49, 3, 292, 44.5317919075144, 0.022971366714071, 4325], "50": [50, -5, 338, 44.337811900191895, 0.005550485004139, 1042], "51": [51, 3, 351, 44.064577397910696, 0.005598242523295, 1053], "52": [52, 1, 327, 43.1578947368421, 0.001008214293295, 190], "53": [53, -5, 279, 42.4628450106157, 0.002552374079341, 471], "54": [54, 2, 293, 42.2330097087379, 0.001093116549572, 206], "55": [55, 0, 217, 41.9624217118998, 0.002541761297306, 479], "56": [56, -5, 241, 39.3939393939394, 0.003008723706833, 561], "57": [57, -10, 343, 37.0588235294118, 0.001804172945896, 340]}