{"1": [1, 9, 210, 58.0838323353293, 0.001843468998996, 334], "2": [2, 7, 206, 57.3696145124717, 0.002258249523771, 441], "3": [3, 2, 286, 56.003752345215794, 0.005458716535917, 1066], "4": [4, -3, 330, 55.7307953772944, 0.7250209950636, 7355], "5": [5, -3, 341, 54.982570685553, 0.335373097642408, 18073], "6": [6, -3, 352, 54.047992823503, 0.39500419901272, 26754], "7": [7, -3, 323, 53.9542143600416, 0.011777718604699, 1922], "8": [8, 0, 342, 52.9295657594016, 0.112021466172344, 19252], "9": [9, 12, 234, 52.7835051546392, 0.010026423055652, 1940], "10": [10, -4, 10, 52.6364957442392, 0.066610679830401, 9634], "11": [11, 17, 256, 52.6289926289926, 0.010615308985887, 2035], "12": [12, 1, 331, 51.994713801932804, 0.091635771491776, 12107], "13": [13, -1, 346, 51.95875163683979, 0.139253599885295, 18328], "14": [14, 5, 332, 51.5694632823096, 0.155537576043096, 20644], "15": [15, -8, 257, 51.319740793425, 0.074056246287458, 12654], "16": [16, 36, 327, 51.29533678756481, 0.00099854570779, 193], "17": [17, -1, 215, 51.181440027445404, 0.149653837487966, 23319], "18": [18, -4, 333, 51.01726790904429, 0.136805882714406, 23396], "19": [19, 3, 297, 50.925008259002304, 0.065647979353147, 12108], "20": [20, -2, 261, 50.90758649221701, 0.123650683107679, 19337], "21": [21, -4, 324, 50.7571752853012, 0.315627496364269, 32159], "22": [22, 3, 288, 50.7290555301529, 0.115795456873067, 19683], "23": [23, -12, 227, 50.521739130434796, 0.024036787448025, 4600], "24": [24, 0, 12, 50.446107353576, 0.237592429487311, 27796], "25": [25, 2, 260, 49.7931034482759, 0.003733024722968, 725], "26": [26, 3, 316, 49.7832429042724, 0.317665553757604, 36677], "27": [27, -12, 287, 49.6835851737053, 0.041401241269126, 7743], "28": [28, 9, 304, 49.1872791519435, 0.058345793818234, 8490], "29": [29, -3, 325, 49.0660261070198, 0.213202310481145, 31639], "30": [30, 0, 11, 48.8102580749878, 0.695300178202003, 30805], "31": [31, 3, 312, 48.6823052418187, 0.017999426476312, 3453], "32": [32, 0, 311, 48.6405893702859, 0.031088056369185, 5701], "33": [33, -10, 347, 48.5714285714286, 0.014978185616845, 2625], "34": [34, 2, 271, 48.3454851374089, 0.009263431719957, 1783], "35": [35, 4, 224, 48.191543555782005, 0.010758689908031, 1963], "36": [36, -3, 290, 48.0747579374015, 0.090007373875996, 13323], "37": [37, -2, 267, 47.754353803849696, 0.011286126871633, 2182], "38": [38, 0, 344, 47.3894522561918, 0.300388152639233, 26527], "39": [39, -8, 298, 47.0292887029289, 0.00624219086049, 1195], "40": [40, 1, 280, 47.0272419964208, 0.028732512648246, 5029], "41": [41, 3, 353, 46.714344941956895, 0.069293951373384, 9648], "42": [42, 15, 343, 46.5, 0.002068781876651, 400], "43": [43, -23, 310, 46.1077844311377, 0.000855164785646, 167], "44": [44, -2, 326, 45.5215788332249, 0.050521292066939, 9222], "45": [45, 1, 308, 45.1863857374392, 0.016371028860531, 3085], "46": [46, -1, 255, 45.1685739210756, 0.165220909035046, 19487], "47": [47, 4, 351, 44.809322033898304, 0.004864709858463, 944], "48": [48, 5, 279, 44.4866920152091, 0.0027139960263, 526], "49": [49, -2, 345, 44.337083304575906, 0.285450933000143, 28978], "50": [50, -1, 292, 44.2332896461337, 0.023514471231642, 4578], "51": [51, 3, 293, 44.0, 0.001152168124373, 225], "52": [52, -9, 230, 43.75, 0.000573523688577, 112], "53": [53, -5, 301, 43.330388692579504, 0.012617521148686, 2264], "54": [54, 2, 241, 42.0990566037736, 0.004496016058663, 848], "55": [55, -5, 338, 42.0131291028446, 0.004741811925196, 914], "56": [56, "new", 237, 40.0, 0.000645214149649, 110], "57": [57, -2, 217, 37.6953125, 0.002632064070789, 512]}