{"1": [1, 3, 330, 60.1688806508084, 0.87827928840849, 9711], "2": [2, -1, 210, 59.459459459459495, 0.001083713336711, 148], "3": [3, 3, 352, 59.209595244834404, 0.535832911107358, 28264], "4": [4, -2, 206, 58.273381294964, 0.000978156842876, 139], "5": [5, 0, 341, 55.9530644466772, 0.535002533355852, 27868], "6": [6, 2, 342, 55.8372484708802, 0.08612706187018, 11281], "7": [7, 6, 346, 54.8830649900106, 0.237537296627822, 25527], "8": [8, 16, 12, 54.8477037192909, 0.223195687665372, 19009], "9": [9, 8, 215, 54.335519309455705, 0.148799470810111, 17841], "10": [10, 5, 257, 53.8583677357891, 0.023947249901481, 3149], "11": [11, 16, 287, 51.5304406323579, 0.021484265045319, 2973], "12": [12, 34, 255, 50.921348314606696, 0.149411698474357, 13350], "13": [13, -1, 331, 50.827357970215104, 0.061926476383494, 7252], "14": [14, -7, 323, 50.5555555555556, 0.003138546416709, 360], "15": [15, 8, 227, 49.5918367346939, 0.006938580194787, 980], "16": [16, 12, 304, 49.5039026326234, 0.063608343185273, 7559], "17": [17, 1, 333, 49.4424344550726, 0.163394415357766, 20177], "18": [18, 8, 316, 49.3115790152517, 0.376843720092327, 31013], "19": [19, -16, 286, 48.943661971831, 0.001998536283285, 284], "20": [20, -1, 297, 48.9317889317889, 0.05642346450487, 7770], "21": [21, 0, 324, 48.7228669160193, 0.4058647187975, 31281], "22": [22, 17, 298, 48.4536082474227, 0.002047795980409, 291], "23": [23, 11, 271, 48.3560794044665, 0.022856499465181, 3224], "24": [24, 26, 292, 48.2506102522376, 0.017297190789844, 2458], "25": [25, -3, 288, 47.9718618673488, 0.084951866238811, 10946], "26": [26, -6, 261, 47.7759472817133, 0.043144457580364, 5463], "27": [27, -17, 10, 47.2905377240517, 0.039393683499409, 4798], "28": [28, 7, 224, 47.1783295711061, 0.003441141699037, 443], "29": [29, 18, 351, 46.567164179104495, 0.002357428362326, 335], "30": [30, 0, 11, 46.3821805392732, 0.736523954287001, 21325], "31": [31, 5, 290, 45.434603783932, 0.059097562348702, 7294], "32": [32, 6, 344, 45.3273604410751, 0.149777627652987, 14510], "33": [33, -24, 234, 45.3027139874739, 0.003412993300681, 479], "34": [34, -5, 325, 45.195631135075395, 0.193330237009514, 21699], "35": [35, 19, 241, 44.950213371266, 0.005031526206159, 703], "36": [36, -22, 332, 44.164828554241, 0.083333333333333, 9974], "37": [37, 7, 326, 43.657086223984095, 0.014496425153409, 2018], "38": [38, -5, 347, 43.116883116883095, 0.005714124866295, 770], "39": [39, 6, 308, 43.033292231812595, 0.005918200754377, 811], "40": [40, -29, 256, 42.712550607287504, 0.003546698192873, 494], "41": [41, 8, 345, 42.6242681666858, 0.162106626132973, 17422], "42": [42, -1, 353, 42.4882629107981, 0.047092270449812, 5538], "43": [43, -1, 343, 42.3255813953488, 0.00152705061082, 215], "44": [44, 7, 293, 41.1111111111111, 0.001266677926026, 180], "45": [45, 8, 301, 39.6284829721362, 0.00472893092383, 646], "46": [46, -21, 260, 39.3719806763285, 0.00291335922986, 414], "47": [47, -10, 267, 39.2807745504841, 0.005087823002871, 723], "48": [48, -32, 327, 38.3561643835616, 0.001027416539999, 146], "49": [49, -17, 311, 38.2471728594507, 0.018620165512582, 2476], "50": [50, -2, 279, 37.755102040816304, 0.002758543038901, 392], "51": [51, -20, 312, 36.9766177270256, 0.013096042335191, 1839], "52": [52, "new", 13, 34.1269841269841, 0.000886674548218, 126], "53": [53, 4, 217, 33.112582781457, 0.001062602037944, 151], "54": [54, -14, 280, 22.341211225997, 0.019957214434499, 2708], "55": [55, 0, 338, 17.153284671532802, 0.005854866858076, 822], "56": [56, 0, 237, 13.2382892057027, 0.003553735292462, 491], "57": [57, "new", 205, 3.1746031746032, 0.001344086021505, 189], "58": [58, "new", 295, 2.7149321266968, 0.001555199009176, 221], "59": [59, "new", 322, 2.6086956521739, 0.000809266452739, 115]}