{"1": [1, 18, 286, 60.655737704918, 0.004952960408795, 915], "2": [2, -1, 330, 59.275660287837994, 0.74088168108348, 6323], "3": [3, 43, 260, 57.967032967033006, 0.006008509348374, 1092], "4": [4, 0, 206, 57.902298850574695, 0.003767497753575, 696], "5": [5, "new", 230, 57.0175438596491, 0.000617090149293, 114], "6": [6, 8, 323, 56.6568914956012, 0.01110220961578, 1705], "7": [7, 3, 257, 55.3909619351209, 0.064242332384242, 10666], "8": [8, -3, 341, 55.363467194909596, 0.398234256081586, 16659], "9": [9, 31, 256, 54.8527808069793, 0.010338966536392, 1834], "10": [10, 28, 347, 54.653633659158494, 0.013657179356711, 2353], "11": [11, 4, 227, 54.4086021505376, 0.020569671643084, 3720], "12": [12, 14, 261, 53.840144230769205, 0.108726953848153, 16640], "13": [13, -2, 287, 53.821440649306695, 0.033398651062586, 5914], "14": [14, -11, 352, 53.812422836221195, 0.411886022366811, 23489], "15": [15, 12, 10, 53.5074085586986, 0.074283579988957, 9651], "16": [16, -14, 210, 53.4810126582278, 0.001753835161147, 316], "17": [17, -11, 342, 52.6022702934247, 0.112299581028267, 18676], "18": [18, 18, 332, 52.4406025156582, 0.139954963245245, 19319], "19": [19, -6, 331, 52.312874866485906, 0.103016163431454, 12171], "20": [20, 24, 293, 51.6703786191537, 0.002430469096775, 449], "21": [21, 7, 224, 51.3071895424837, 0.015167426301032, 2448], "22": [22, -14, 12, 51.1632971579979, 0.271124511470298, 27551], "23": [23, -1, 298, 50.89773614363779, 0.006966623001223, 1281], "24": [24, 9, 234, 50.87082728592161, 0.007491690935271, 1378], "25": [25, 24, 311, 50.76671437333879, 0.027936861934199, 4891], "26": [26, "new", 310, 50.746268656716396, 0.001098853511459, 201], "27": [27, -20, 346, 50.713968081427, 0.165223180937327, 20239], "28": [28, -19, 215, 50.578060188862395, 0.152908443308902, 22662], "29": [29, -12, 333, 50.559430033616, 0.120337992183525, 19931], "30": [30, -9, 324, 49.768155585949195, 0.31577152507876, 29977], "31": [31, 3, 325, 49.62099569573, 0.176980372202795, 26253], "32": [32, -1, 290, 49.1549064653758, 0.083166430295879, 12188], "33": [33, -10, 271, 48.5623003194888, 0.011979127196354, 2191], "34": [34, -2, 344, 48.3262611975483, 0.302022323506804, 23331], "35": [35, -10, 288, 48.3044015693019, 0.115163095843844, 18607], "36": [36, -16, 297, 48.1604049055869, 0.058331258322597, 10274], "37": [37, -7, 11, 47.902166776099804, 0.653704164817201, 30460], "38": [38, -22, 304, 47.3896713615024, 0.079572150829824, 10650], "39": [39, -21, 316, 47.3731778425656, 0.34396821444424, 34300], "40": [40, -28, 255, 47.097036134795, 0.149168010912752, 17241], "41": [41, 10, 312, 46.4435146443515, 0.017240632679795, 3107], "42": [42, -5, 326, 45.7068193130911, 0.046325065768819, 8036], "43": [43, 4, 267, 45.4057279236277, 0.009115612380777, 1676], "44": [44, -15, 351, 45.045871559633, 0.005921900204614, 1090], "45": [45, -3, 353, 44.8965356893746, 0.067252000129914, 8602], "46": [46, 4, 279, 44.700460829493096, 0.00481763362167, 868], "47": [47, -6, 345, 44.5981092350246, 0.253932596433868, 24223], "48": [48, -3, 301, 44.4177093358999, 0.012006192553779, 2078], "49": [49, -25, 292, 43.4159779614325, 0.01970358020548, 3630], "50": [50, -11, 308, 43.110454377539696, 0.015118708657667, 2707], "51": [51, 3, 280, 42.722333428653094, 0.020488475570808, 3497], "52": [52, -17, 241, 40.0, 0.004043564399311, 745], "53": [53, 2, 338, 39.973082099596205, 0.004032738256341, 743], "54": [54, -6, 327, 39.810426540284396, 0.00115298422631, 211], "55": [55, -3, 13, 37.8048780487805, 0.000887743723544, 164], "56": [56, -3, 217, 35.857461024498896, 0.002441295239745, 449], "57": [57, -14, 343, 34.6246973365617, 0.002268076952224, 413], "58": [58, -2, 237, 30.2197802197802, 0.000985179010274, 182]}