{"1": [1, 2, 330, 58.6893203883495, 0.709390172214844, 4120], "2": [2, -1, 323, 57.2250639386189, 0.009644902135812, 1564], "3": [3, 1, 341, 54.1880679573291, 0.387352768282859, 15186], "4": [4, -2, 286, 53.43320848938829, 0.004359800570421, 801], "5": [5, 4, 257, 53.426455423268, 0.064994230476149, 10667], "6": [6, 18, 260, 53.043478260869605, 0.004381572358538, 805], "7": [7, 7, 332, 52.9700877285699, 0.134647623609327, 18922], "8": [8, 0, 10, 52.827999613265, 0.072048289826044, 10343], "9": [9, -3, 352, 52.539023908318505, 0.382448673009514, 25305], "10": [10, 6, 227, 52.515479876160995, 0.029087108924256, 5168], "11": [11, -1, 331, 52.0055807464248, 0.09039646426161, 11468], "12": [12, 7, 261, 51.9780001325293, 0.097445080664475, 15091], "13": [13, 7, 287, 51.9027010893896, 0.038563279702162, 6701], "14": [14, -2, 297, 51.888122264262904, 0.078122618710675, 13479], "15": [15, -2, 342, 51.638365269772, 0.117681957719187, 19257], "16": [16, -11, 234, 51.545595054095806, 0.007130260608304, 1294], "17": [17, 5, 324, 51.1210165657641, 0.298872221375542, 30062], "18": [18, 3, 346, 50.96596724667351, 0.126722692734754, 15632], "19": [19, 4, 12, 50.7406835892292, 0.234210010668176, 25922], "20": [20, -9, 298, 50.549450549450604, 0.004468659511006, 819], "21": [21, 13, 347, 50.340136054421805, 0.011930939888093, 2058], "22": [22, -4, 256, 50.2564102564103, 0.021586727917964, 3510], "23": [23, -6, 333, 50.2317231013319, 0.151547974135116, 23951], "24": [24, "new", 334, 50.0, 0.000740240795977, 136], "25": [25, -18, 210, 50.0, 0.001828830201824, 314], "26": [26, 1, 215, 49.8912220961029, 0.136607084539853, 21144], "27": [27, -12, 206, 49.7767857142857, 0.002438440269099, 448], "28": [28, -2, 316, 49.725240020212205, 0.279582417103917, 31664], "29": [29, 6, 271, 49.6364838070059, 0.008354923689883, 1513], "30": [30, -2, 325, 49.5367581676849, 0.258828460081426, 34863], "31": [31, 1, 311, 49.089340490797504, 0.062866038187716, 10432], "32": [32, 5, 280, 49.03728978796, 0.024825281400361, 4103], "33": [33, 9, 279, 48.796147672552195, 0.003499814939801, 623], "34": [34, 10, 224, 48.7862176977291, 0.016241753935251, 2554], "35": [35, -4, 288, 48.7629733520337, 0.111193964860334, 17825], "36": [36, -3, 312, 48.7109017144353, 0.043440160240361, 7641], "37": [37, -1, 11, 48.3902406237397, 0.693006901656833, 29756], "38": [38, 18, 310, 48.2517482517483, 0.00078922731924, 143], "39": [39, -1, 353, 48.028130170987296, 0.057629923145588, 7252], "40": [40, 0, 304, 47.8328918853841, 0.061494415536348, 8306], "41": [41, -2, 290, 47.808874976984, 0.074067623173891, 10862], "42": [42, -17, 338, 47.6470588235294, 0.003722975768, 680], "43": [43, -2, 344, 47.2858127249062, 0.32300624850319, 26122], "44": [44, 1, 267, 47.162315550510804, 0.009797304652631, 1762], "45": [45, 2, 326, 46.3768115942029, 0.059311793777623, 10005], "46": [46, -3, 255, 46.3592750533049, 0.161644640874355, 18760], "47": [47, -18, 13, 45.864661654135304, 0.000734797848947, 133], "48": [48, 3, 327, 45.771144278607004, 0.001104918246936, 201], "49": [49, 8, 308, 45.5459770114943, 0.011724107900982, 2088], "50": [50, 0, 345, 44.9815874010812, 0.275347804315168, 25526], "51": [51, 1, 301, 44.9059561128527, 0.007162918290479, 1276], "52": [52, -4, 351, 44.6988973706531, 0.006449892229649, 1179], "53": [53, -23, 293, 44.2105263157895, 0.001034159935556, 190], "54": [54, -1, 292, 42.4519230769231, 0.02268620321787, 4160], "55": [55, -9, 241, 41.2776412776413, 0.002237051229017, 407], "56": [56, -2, 343, 38.2075471698113, 0.002318695434456, 424], "57": [57, -2, 208, 37.984496124031, 0.000702140166772, 129], "58": [58, 0, 217, 30.1003344481605, 0.001627441161743, 299]}