{"1": [1, 4, 228, 59.26993275696451, 0.005439260719463, 1041], "2": [2, -1, 356, 56.364864864864906, 0.591977220814168, 14800], "3": [3, 0, 260, 55.458349182198596, 0.014753277636972, 2629], "4": [4, 2, 330, 54.5815861440292, 0.489580399887356, 27425], "5": [5, -3, 257, 54.378758984890695, 0.038450306121385, 6817], "6": [6, 5, 333, 53.301273719781705, 0.041636680330006, 7694], "7": [7, 2, 355, 53.203112067538505, 0.298726493319566, 36246], "8": [8, 13, 286, 53.125, 0.000834402411423, 160], "9": [9, -2, 332, 53.1087698471583, 0.123496771905671, 20217], "10": [10, 14, 325, 51.811729548001495, 0.111564817422322, 18739], "11": [11, 7, 217, 51.722054380664694, 0.009048051148868, 1655], "12": [12, -8, 341, 51.5332472562944, 0.681477309469424, 6196], "13": [13, 2, 11, 51.1618278735186, 0.5872315570992, 38646], "14": [14, -2, 346, 50.8793103448276, 0.03169686160393, 5800], "15": [15, -5, 261, 50.7499402097783, 0.369593333124733, 29269], "16": [16, -8, 328, 50.7180650037793, 0.021689247681926, 3969], "17": [17, 2, 324, 50.704652220033296, 0.084232923433149, 13198], "18": [18, 10, 316, 50.5490763599217, 0.069166744891893, 11747], "19": [19, -6, 331, 50.5293723475542, 0.223166139950144, 22385], "20": [20, 3, 304, 50.227433538865895, 0.060634980235093, 9893], "21": [21, 13, 252, 50.0, 0.003546210248548, 680], "22": [22, -5, 326, 49.9742194213692, 0.107549255817349, 17455], "23": [23, 2, 311, 49.8139011512161, 0.067539660189618, 11553], "24": [24, -10, 347, 49.5631453534551, 0.006670004276312, 1259], "25": [25, 11, 352, 49.439226132062196, 0.165993929722457, 14266], "26": [26, 0, 12, 49.3144379048433, 0.273887376534518, 30413], "27": [27, -5, 280, 49.257075471698094, 0.046955995702828, 8480], "28": [28, -1, 10, 48.9521026437149, 0.138255264557715, 21901], "29": [29, 25, 298, 48.7951807228916, 0.000865692501851, 166], "30": [30, -14, 342, 48.673173707488196, 0.073823753350647, 13114], "31": [31, 14, 279, 48.5981308411215, 0.000558006612639, 107], "32": [32, -3, 271, 48.2259232440261, 0.00722279587388, 1381], "33": [33, 0, 288, 48.1499842264185, 0.134583893947454, 22189], "34": [34, -4, 237, 48.1000926784059, 0.005929472136174, 1079], "35": [35, 3, 345, 47.896084888401006, 0.065156398301991, 10932], "36": [36, -5, 351, 47.722251847337496, 0.188397634469164, 26254], "37": [37, 13, 312, 47.1590909090909, 0.00827101390323, 1584], "38": [38, 1, 256, 46.9418960244648, 0.00344190994712, 654], "39": [39, -4, 344, 46.8786915038619, 0.316942540963943, 33015], "40": [40, -3, 215, 46.8659084898175, 0.041834850902719, 7562], "41": [41, 0, 297, 46.770862021481705, 0.079059628482326, 14524], "42": [42, 0, 287, 46.659242761692695, 0.004724803654683, 898], "43": [43, -3, 290, 46.599414253172796, 0.034961461038622, 6146], "44": [44, 5, 353, 45.9879870629909, 0.045240255744339, 6493], "45": [45, -1, 327, 45.7692307692308, 0.001355903918562, 260], "46": [46, -3, 255, 45.4225471283041, 0.246998758826413, 29547], "47": [47, -15, 227, 45.3667953667954, 0.002722237867267, 518], "48": [48, -28, 224, 44.0809968847352, 0.003462770007405, 642], "49": [49, 2, 292, 44.0625, 0.003337609645692, 640], "50": [50, -2, 259, 43.3862433862434, 0.000985637848493, 189], "51": [51, -5, 338, 41.6071428571429, 0.002930838470123, 560], "52": [52, -5, 308, 40.927419354838705, 0.002607507535697, 496], "53": [53, "new", 13, 40.8333333333333, 0.000625801808567, 120], "54": [54, -2, 267, 38.8888888888889, 0.001220313526706, 234], "55": [55, -2, 293, 38.0116959064327, 0.000891767577208, 171], "56": [56, -1, 301, 37.142857142857096, 0.000547576582496, 105]}