{"1": [1, 24, 210, 59.2307692307692, 0.00079638348207, 130], "2": [2, 1, 341, 58.2583663188197, 0.423026023001429, 19453], "3": [3, -2, 330, 57.6274833249659, 0.60122853863631, 13943], "4": [4, 10, 297, 55.3016988869361, 0.10431452462933, 17070], "5": [5, 4, 352, 54.8457979953739, 0.411800529360785, 25940], "6": [6, -1, 257, 53.3783783783784, 0.050382966762701, 7696], "7": [7, -3, 286, 52.761627906976805, 0.004040475019324, 688], "8": [8, 3, 331, 52.4233244982961, 0.084053591923735, 10564], "9": [9, 15, 334, 52.112676056338, 0.000831518047455, 142], "10": [10, 6, 234, 51.81932245922209, 0.004678752957159, 797], "11": [11, 17, 316, 51.7028627838105, 0.280748600473145, 32416], "12": [12, -6, 260, 51.4893617021277, 0.002752207621858, 470], "13": [13, -11, 323, 51.4579759862779, 0.007354835687349, 1166], "14": [14, -7, 332, 51.4076731990063, 0.105099196589605, 14492], "15": [15, 5, 298, 51.14213197969541, 0.004626051109081, 788], "16": [16, 1, 324, 51.1113652827024, 0.246392851287096, 26229], "17": [17, 2, 12, 51.0343626148687, 0.209407865458038, 22961], "18": [18, -3, 342, 50.9802618462152, 0.097761928184948, 15047], "19": [19, -6, 287, 50.9057225195554, 0.02970041927248, 4858], "20": [20, "new", 230, 50.8474576271186, 0.000690979785913, 118], "21": [21, -9, 261, 50.78997435685329, 0.081939662239712, 12089], "22": [22, 4, 215, 50.661788442914, 0.12861593235425, 18586], "23": [23, 19, 338, 50.6203473945409, 0.004731454805237, 806], "24": [24, -1, 333, 50.5235878993019, 0.126308762560607, 18908], "25": [25, -3, 256, 50.383189122373295, 0.025900030449957, 4045], "26": [26, -8, 346, 50.2394202148311, 0.123416016677207, 15454], "27": [27, -17, 227, 50.2039064176862, 0.028218911765395, 4659], "28": [28, 24, 351, 50.0857142857143, 0.021326681188954, 3500], "29": [29, 19, 327, 49.8054474708171, 0.001504930550676, 257], "30": [30, 7, 11, 49.7913682506072, 0.657051507272855, 32114], "31": [31, -1, 325, 49.602595296025996, 0.242492914529314, 30825], "32": [32, -24, 10, 49.192793635938195, 0.131731197151758, 17096], "33": [33, 6, 353, 48.8714691174483, 0.058282388213525, 7399], "34": [34, -7, 206, 48.828125, 0.001499074789778, 256], "35": [35, "new", 355, 48.7775007654289, 0.191512660155061, 22863], "36": [36, 8, 267, 48.532910388580504, 0.007512941231584, 1261], "37": [37, 6, 344, 48.17903126916, 0.307269341578245, 24465], "38": [38, -6, 280, 48.0263157894737, 0.032745414939217, 5168], "39": [39, 6, 326, 47.905195116112, 0.052549598294803, 8354], "40": [40, -5, 288, 47.7903663950176, 0.09869884992856, 15093], "41": [41, -1, 304, 47.7445728784889, 0.050172159370389, 7094], "42": [42, -8, 224, 47.2850678733032, 0.011922329187455, 1768], "43": [43, -14, 271, 47.181266261925394, 0.013561942238775, 2306], "44": [44, -8, 312, 46.8544763221569, 0.035251680603378, 5786], "45": [45, 1, 255, 46.7084044773288, 0.142710748834704, 15813], "46": [46, -13, 279, 46.7032967032967, 0.002248612184667, 364], "47": [47, -6, 290, 46.595289079229104, 0.065104349659195, 9340], "48": [48, -17, 311, 45.978674382468, 0.13495772140632, 18663], "49": [49, 1, 345, 45.8530805687204, 0.217459536692198, 21944], "50": [50, "new", 252, 45.6221198156682, 0.001270700114773, 217], "51": [51, 0, 301, 44.9511400651466, 0.005510271004614, 921], "52": [52, 2, 292, 43.5028248587571, 0.017655119106177, 3009], "53": [53, 2, 241, 43.0379746835443, 0.001387815332724, 237], "54": [54, -5, 308, 42.3855963990998, 0.007934556016209, 1333], "55": [55, -34, 347, 41.456320764516505, 0.061139999531539, 9627], "56": [56, 2, 217, 40.8866995073892, 0.001188719462207, 203], "57": [57, "new", 237, 39.698113207547195, 0.050172159370389, 7950], "58": [58, -11, 13, 39.413680781759, 0.001809430117349, 307], "59": [59, -3, 343, 38.6524822695035, 0.001651324573115, 282], "60": [60, -7, 293, 38.636363636363605, 0.001288267397466, 220], "61": [61, -23, 310, 35.8490566037736, 0.000620710655143, 106], "62": [62, "new", 354, 34.3137254901961, 0.002412573489799, 408], "63": [63, "new", 335, 34.0086830680174, 0.02514463729417, 4146]}