{"1": [1, "new", 356, 60.3384808762794, 0.270966661082258, 22276], "2": [2, 5, 341, 56.951537850414304, 0.575869771597699, 8811], "3": [3, -2, 260, 55.4360812425329, 0.004931032557101, 837], "4": [4, -1, 257, 55.2650302383493, 0.032813983358463, 5622], "5": [5, 8, 261, 55.234997003681194, 0.180990674038086, 23362], "6": [6, -1, 332, 54.9224757342745, 0.102138828391132, 15866], "7": [7, -3, 286, 53.374233128834405, 0.002730775674317, 489], "8": [8, -6, 330, 53.0858425285207, 0.483140671245882, 32082], "9": [9, 18, 346, 52.905684344236306, 0.057513821410622, 9447], "10": [10, 10, 331, 52.3343527013252, 0.099553247333445, 14715], "11": [11, 4, 252, 52.221581073283296, 0.009811805439214, 1733], "12": [12, 19, 347, 51.8332496233049, 0.011286089238845, 1991], "13": [13, 5, 297, 51.23919963619829, 0.102540905791031, 17592], "14": [14, 14, 342, 51.1819116135663, 0.064058747975652, 10703], "15": [15, 11, 355, 50.67721888776761, 0.428703858826157, 37654], "16": [16, 21, 287, 50.1681614349776, 0.020662310828168, 3568], "17": [17, -1, 11, 50.1624323198667, 0.607834924889708, 36015], "18": [18, 18, 326, 50.024724935097, 0.100016753224996, 16178], "19": [19, 4, 10, 50.0155617802677, 0.162232646451109, 22491], "20": [20, 4, 310, 50.0, 0.000580778466521, 104], "21": [21, 1, 311, 49.8792403117796, 0.124666331602167, 18218], "22": [22, 11, 12, 49.795195394664, 0.228620092701178, 27099], "23": [23, -15, 227, 49.7711670480549, 0.014876863796281, 2622], "24": [24, -7, 298, 49.5479204339964, 0.003088177807561, 553], "25": [25, 4, 351, 49.3885813434686, 0.184430669570559, 24206], "26": [26, -16, 333, 49.210110584518205, 0.044373708605573, 7596], "27": [27, -6, 280, 49.0851301434585, 0.071061596023901, 11641], "28": [28, -17, 324, 48.8891899214305, 0.162796671692634, 22146], "29": [29, 17, 224, 48.7212276214834, 0.004579214832189, 782], "30": [30, -18, 325, 48.707567735907794, 0.181415089071313, 25688], "31": [31, -12, 234, 48.6666666666667, 0.000837661249791, 150], "32": [32, -7, 316, 48.2852151526297, 0.149237728262691, 21752], "33": [33, -3, 352, 48.1626628664495, 0.230770089908974, 19648], "34": [34, 10, 344, 47.882996767689704, 0.324805941810465, 31247], "35": [35, -3, 271, 47.8588557725248, 0.01634556318758, 2919], "36": [36, 13, 279, 47.8494623655914, 0.00103869994974, 186], "37": [37, 2, 288, 47.4271865668412, 0.151074998603898, 23107], "38": [38, 0, 237, 47.2997462848858, 0.015787122354387, 2759], "39": [39, 9, 13, 47.2340425531915, 0.001312335958005, 235], "40": [40, 7, 304, 46.5459011360147, 0.018813871670297, 3257], "41": [41, -7, 256, 46.5294399234083, 0.012090244038644, 2089], "42": [42, 13, 292, 46.5091299677766, 0.005199084157034, 931], "43": [43, 0, 255, 45.846167008898, 0.223499190260792, 23376], "44": [44, -38, 323, 45.7534246575342, 0.002082984307813, 365], "45": [45, -5, 290, 45.7411133467472, 0.025839057351874, 4473], "46": [46, -37, 338, 45.201668984701, 0.004048696040655, 719], "47": [47, -2, 345, 44.8877805486284, 0.094532864243034, 13634], "48": [48, -13, 215, 44.867219481473704, 0.124722175685486, 19054], "49": [49, -8, 312, 44.7770700636943, 0.017803093762216, 3140], "50": [50, 2, 308, 44.6808510638298, 0.003328307365835, 564], "51": [51, 5, 217, 44.1520467836257, 0.001921036466186, 342], "52": [52, -10, 353, 43.7081895641152, 0.115960239012677, 14201], "53": [53, 0, 267, 43.569131832797396, 0.003473501982465, 622], "54": [54, 4, 334, 41.8918918918919, 0.000826492433127, 148], "55": [55, 4, 335, 41.3173652694611, 0.000932596191434, 167], "56": [56, -42, 293, 36.8686868686869, 0.001105712849724, 198], "57": [57, -7, 343, 35.9756097560976, 0.000915842966438, 164], "58": [58, -4, 301, 35.1724137931035, 0.000809739208131, 145], "59": [59, -8, 327, 33.3333333333333, 0.000954933824761, 171]}