{"1": [1, 0, 356, 59.6917345410716, 0.589254605635643, 27379], "2": [2, 0, 341, 58.307038002469504, 0.673517050651104, 7289], "3": [3, 1, 257, 57.9965457685665, 0.033992421932843, 5790], "4": [4, -1, 260, 56.5037282518641, 0.007082661904969, 1207], "5": [5, 0, 261, 54.5596473505372, 0.29950241714211, 32667], "6": [6, 0, 332, 54.497383640870304, 0.11270741692435, 18155], "7": [7, 3, 331, 54.2949835367035, 0.184671834850399, 20652], "8": [8, "new", 328, 54.285714285714306, 0.001143242890118, 210], "9": [9, -1, 330, 53.503937007874, 0.462762945864727, 35560], "10": [10, 6, 287, 52.800000000000004, 0.0103272941074, 1875], "11": [11, -2, 346, 52.4310702638601, 0.038837594181438, 6746], "12": [12, 2, 342, 51.4806195329428, 0.075350594486303, 12461], "13": [13, 2, 355, 51.35063064984931, 0.363872435869518, 37501], "14": [14, 4, 326, 50.818557752223406, 0.107840468620705, 17653], "15": [15, 25, 304, 50.5749041826362, 0.035892382735944, 6001], "16": [16, 1, 11, 50.46118878346591, 0.592640782195897, 37837], "17": [17, -5, 347, 50.0570776255708, 0.009657680414616, 1752], "18": [18, 4, 12, 49.7998033155381, 0.252210269587562, 28472], "19": [19, 4, 227, 49.616368286445, 0.006472932363573, 1173], "20": [20, -13, 286, 49.5614035087719, 0.001241235137842, 228], "21": [21, -2, 10, 49.523891966758995, 0.154457558468708, 23104], "22": [22, -9, 297, 49.0785297430122, 0.112418884194939, 19534], "23": [23, 28, 217, 48.8958990536278, 0.001747528417752, 317], "24": [24, 2, 333, 48.4107221327084, 0.038777710030051, 6827], "25": [25, -4, 311, 48.3877246480244, 0.099162710683333, 15413], "26": [26, 1, 280, 48.2445371961699, 0.047232263403162, 8146], "27": [27, 14, 256, 47.883349012229495, 0.005895866904752, 1063], "28": [28, -3, 351, 47.8256082792029, 0.2029038369409, 27249], "29": [29, 5, 344, 47.6639802678751, 0.343435608205218, 34867], "30": [30, 0, 325, 47.2715046811152, 0.12583837811942, 19333], "31": [31, 15, 338, 47.1204188481675, 0.003119419885893, 573], "32": [32, -21, 252, 46.5641952983725, 0.006097295413963, 1106], "33": [33, -5, 324, 46.3249516441006, 0.092842210705109, 14476], "34": [34, 3, 288, 46.3199608174897, 0.142333739819694, 22459], "35": [35, -3, 316, 46.1686232657417, 0.08565066852489, 14055], "36": [36, -3, 352, 46.0291323622546, 0.149470841862288, 15790], "37": [37, 8, 290, 45.8592132505176, 0.027296285005009, 4830], "38": [38, 12, 308, 45.6709956709957, 0.002558686468359, 462], "39": [39, -1, 237, 45.2733118971061, 0.00860698575846, 1555], "40": [40, -5, 271, 45.2460582895365, 0.011405208832368, 2093], "41": [41, 6, 345, 45.1412377731054, 0.069002874439267, 10939], "42": [42, 1, 255, 45.0603465057426, 0.178509211271286, 20548], "43": [43, -1, 292, 44.6280991735537, 0.003963242019076, 726], "44": [44, 12, 293, 44.4736842105263, 0.002090501284787, 380], "45": [45, 3, 215, 44.4134536505332, 0.072775575976656, 12190], "46": [46, -7, 13, 44.0944881889764, 0.000691389747833, 127], "47": [47, 2, 312, 43.956043956044, 0.013452158007056, 2457], "48": [48, -19, 224, 43.7148217636022, 0.003075867775794, 533], "49": [49, 4, 267, 42.1875, 0.002112277339837, 384], "50": [50, 4, 334, 41.6149068322981, 0.000876486215757, 161], "51": [51, -27, 298, 41.016949152542395, 0.001616872087453, 295], "52": [52, 7, 327, 40.8256880733945, 0.00238447802796, 436], "53": [53, -1, 353, 40.107839070924896, 0.049502417142111, 7233], "54": [54, -10, 323, 37.8151260504202, 0.000669613692783, 119], "55": [55, 0, 335, 37.4269005847953, 0.000941814380907, 171], "56": [56, "new", 259, 31.538461538461497, 0.000718609816646, 130]}