{"1": [1, 2, 323, 57.2066326530612, 0.009259259259259, 1568], "2": [2, 0, 286, 56.948798328108694, 0.004994989352374, 957], "3": [3, -2, 330, 56.8523617877568, 0.720578103469873, 4721], "4": [4, 1, 341, 54.5119068211959, 0.383591172909098, 17343], "5": [5, 5, 234, 53.8970588235294, 0.007150611716564, 1360], "6": [6, 3, 352, 53.435114503816806, 0.39874316255376, 26462], "7": [7, -3, 210, 53.281853281853294, 0.00140402522026, 259], "8": [8, -1, 10, 53.12766158796251, 0.07131299845505, 10567], "9": [9, 2, 257, 53.05100182149361, 0.064292872353752, 10980], "10": [10, 3, 331, 52.889957707936, 0.090144682450207, 12059], "11": [11, -5, 298, 52.8481012658228, 0.004958453380099, 948], "12": [12, 10, 297, 52.2373895904811, 0.075791264770972, 13699], "13": [13, 1, 342, 52.082217135064, 0.121304647375673, 20531], "14": [14, 10, 332, 51.77084949071919, 0.133330201678567, 19341], "15": [15, -3, 206, 51.6990291262136, 0.00215040293958, 412], "16": [16, 0, 227, 51.4269514269514, 0.028524155497098, 5291], "17": [17, -2, 333, 51.4227952395484, 0.158451292329534, 26216], "18": [18, -10, 256, 51.3649615690432, 0.022260845964341, 3773], "19": [19, 1, 261, 51.34517766497459, 0.098386153910393, 15760], "20": [20, 9, 287, 51.315566117806796, 0.032021169986221, 5891], "21": [21, -2, 346, 50.921282470276694, 0.136879410413796, 17747], "22": [22, -1, 324, 50.830096479138, 0.303645246148065, 31924], "23": [23, 3, 12, 50.7745834096319, 0.237102801787131, 27305], "24": [24, -7, 260, 50.2785515320334, 0.003799741116539, 718], "25": [25, 19, 338, 50.188679245283, 0.004170320263894, 795], "26": [26, 4, 316, 50.165696372592905, 0.293138544406865, 33495], "27": [27, 0, 215, 49.7798956206036, 0.138194705415675, 22035], "28": [28, -5, 325, 49.595576097722, 0.257672554177627, 36348], "29": [29, 18, 13, 49.5145631067961, 0.000537600734895, 103], "30": [30, 4, 293, 49.2890995260663, 0.001101298592843, 211], "31": [31, 5, 288, 49.145205479452095, 0.108804125433212, 18250], "32": [32, -1, 311, 49.0556900726392, 0.059861580859326, 10325], "33": [33, -8, 312, 48.872180451127804, 0.040732389661364, 7448], "34": [34, 3, 347, 48.8701816570669, 0.012615349283895, 2257], "35": [35, -3, 271, 48.490230905861495, 0.008846924715019, 1689], "36": [36, -1, 11, 48.267033635229, 0.691046599022924, 31247], "37": [37, 6, 280, 48.106523332518904, 0.023346486283352, 4093], "38": [38, 3, 353, 47.9023168440827, 0.059851142010105, 7985], "39": [39, 3, 290, 47.642418930762496, 0.074199340264729, 11410], "40": [40, -1, 304, 47.2680796676962, 0.06659463860704, 9389], "41": [41, -1, 344, 47.0520980220283, 0.3038592425571, 26239], "42": [42, 4, 279, 46.583850931677, 0.003455259092238, 644], "43": [43, 5, 255, 45.980223559759196, 0.151749551129483, 18608], "44": [44, -16, 224, 45.8752515090543, 0.01505804000167, 2485], "45": [45, 4, 267, 45.8080194410693, 0.008726877948975, 1646], "46": [46, 8, 241, 45.7391304347826, 0.00306380224644, 575], "47": [47, -2, 326, 44.9835280023959, 0.056771681489833, 10017], "48": [48, 2, 351, 44.755970924195196, 0.005057622447701, 963], "49": [49, -11, 230, 44.4444444444444, 0.000610672679444, 117], "50": [50, 1, 345, 44.2568208553106, 0.26406634932565, 26353], "51": [51, -33, 327, 44.1441441441441, 0.00115871226356, 222], "52": [52, 1, 301, 44.109947643979105, 0.008257129734018, 1528], "53": [53, 3, 292, 43.034118602762, 0.025773518727296, 4924], "54": [54, 1, 343, 42.8969359331476, 0.00190508998288, 359], "55": [55, "new", 208, 42.3611111111111, 0.000762035993152, 144], "56": [56, -23, 310, 42.2818791946309, 0.000777694266984, 149], "57": [57, -5, 308, 42.2729434141702, 0.01116434924214, 2103], "58": [58, -1, 217, 40.5882352941177, 0.001774604367615, 340]}