{"1": [1, 1, 341, 57.5543771346396, 0.490144518326131, 22252], "2": [2, 1, 330, 56.232675346493096, 0.490252287398562, 23810], "3": [3, 3, 257, 54.573620537031594, 0.039443480509963, 6778], "4": [4, 4, 331, 53.9557858935946, 0.086425407636517, 12349], "5": [5, 18, 338, 53.95348837209299, 0.004655623929045, 860], "6": [6, -1, 352, 53.847545313121806, 0.437289176752056, 27641], "7": [7, 26, 353, 52.468070417673495, 0.089060361457469, 11588], "8": [8, -4, 297, 52.277078377908005, 0.097417853024539, 17237], "9": [9, 25, 206, 52.2167487684729, 0.001093856085181, 203], "10": [10, -3, 286, 52.1400778210117, 0.002769665161492, 514], "11": [11, -2, 334, 52.1197007481297, 0.002160769902253, 401], "12": [12, -1, 316, 51.9734632180047, 0.278087314502484, 35724], "13": [13, 3, 324, 51.925714497534905, 0.200046340701146, 26977], "14": [14, -1, 323, 51.8929503916449, 0.008470649093123, 1532], "15": [15, 12, 227, 51.772095109914794, 0.024819217380996, 4458], "16": [16, -2, 332, 51.678135093385805, 0.090375144141134, 14242], "17": [17, 4, 261, 51.408450704225395, 0.077302755655182, 12922], "18": [18, 2, 230, 50.78125, 0.000689722063562, 128], "19": [19, 20, 326, 50.7008977791778, 0.07473785173131, 12698], "20": [20, 12, 10, 50.637602614170696, 0.185233481695423, 25094], "21": [21, 4, 256, 50.1963153125944, 0.039184834736128, 6622], "22": [22, -5, 12, 50.1902114273173, 0.218167710230518, 27338], "23": [23, 12, 355, 50.180496668685606, 0.406154691726568, 41275], "24": [24, -2, 215, 50.0840336134454, 0.143327477880398, 22015], "25": [25, -7, 342, 49.9794576828266, 0.086420019182895, 14604], "26": [26, -2, 333, 49.8308595098378, 0.085153732581824, 14485], "27": [27, 3, 11, 49.4573188618363, 0.595494175081635, 37499], "28": [28, 0, 351, 49.187252015871, 0.045031306915541, 7813], "29": [29, -3, 346, 49.1183182352534, 0.093570497138731, 14461], "30": [30, -11, 287, 48.880976602238, 0.021855567889127, 3932], "31": [31, 0, 325, 48.8213213213213, 0.175836018579388, 26640], "32": [32, 8, 288, 48.62064661091, 0.096442542919033, 16022], "33": [33, 4, 344, 48.3683668969572, 0.290513088553847, 27212], "34": [34, -5, 327, 47.926267281106, 0.001169294435883, 217], "35": [35, -25, 234, 47.7272727272727, 0.002403250315225, 440], "36": [36, -21, 298, 46.9793887704335, 0.007689323317994, 1407], "37": [37, -25, 260, 46.652719665272, 0.002575680831115, 478], "38": [38, 10, 311, 46.4220258216918, 0.17788901940921, 24553], "39": [39, 6, 255, 46.005646902507905, 0.151625696457631, 18063], "40": [40, 18, 13, 45.8536585365854, 0.001104632992424, 205], "41": [41, 0, 304, 45.4417210368542, 0.032777963380069, 5671], "42": [42, -4, 280, 45.4057324359071, 0.07917254906187, 13223], "43": [43, -1, 224, 45.372928176795604, 0.008750848681445, 1448], "44": [44, 5, 345, 45.362660382299005, 0.15824271750493, 19095], "45": [45, 6, 301, 45.2861952861953, 0.003200741451218, 594], "46": [46, 6, 292, 45.2280567267152, 0.014058475498701, 2609], "47": [47, 0, 290, 45.0774548713353, 0.046001228567426, 7811], "48": [48, 2, 252, 44.7645510383153, 0.039001627312994, 6838], "49": [49, -3, 279, 44.4444444444444, 0.001815908870472, 333], "50": [50, -6, 312, 44.433688286544, 0.028833615329073, 5165], "51": [51, 4, 347, 43.806646525679795, 0.03738509122652, 6620], "52": [52, -9, 271, 43.7816764132554, 0.042240087939563, 7695], "53": [53, 1, 308, 42.3991726990693, 0.00525374228104, 967], "54": [54, 7, 310, 41.726618705036, 0.0007489950534, 139], "55": [55, 5, 293, 41.6289592760181, 0.001190848250369, 221], "56": [56, 1, 237, 41.5924906942871, 0.03503033699389, 6179], "57": [57, -21, 267, 41.5824915824916, 0.00641225980968, 1188], "58": [58, -5, 241, 40.714285714285694, 0.000754383507021, 140], "59": [59, 0, 343, 40.0473933649289, 0.002295481242793, 422], "60": [60, -4, 217, 36.2637362637363, 0.001471047838691, 273], "61": [61, 2, 335, 32.1744254566883, 0.009478289920359, 1697], "62": [62, 0, 354, 27.927927927927897, 0.000598118351995, 111]}