{"1": [1, 1, 330, 57.571032571032596, 0.745719648653413, 5772], "2": [2, -1, 286, 56.037514654161804, 0.004454054278277, 853], "3": [3, 3, 323, 55.6291390728477, 0.009094774393595, 1510], "4": [4, 12, 210, 55.2036199095023, 0.001156291157224, 221], "5": [5, 3, 341, 54.2093565349379, 0.370028725798256, 18447], "6": [6, 17, 298, 53.452914798206294, 0.005822937083243, 1115], "7": [7, 8, 10, 53.3739318338081, 0.068407844113286, 10181], "8": [8, 1, 256, 53.2208060626938, 0.016265853633243, 2903], "9": [9, 5, 352, 53.05991440798859, 0.404058944923208, 28040], "10": [10, 14, 234, 53.049228508449694, 0.007129597942528, 1361], "11": [11, -4, 257, 53.0454625241355, 0.066567111553578, 11394], "12": [12, -8, 206, 52.714535901926396, 0.002960727581951, 571], "13": [13, 6, 331, 52.6856849139039, 0.089262566240446, 11673], "14": [14, 3, 342, 52.5824578548742, 0.11862095427724, 20465], "15": [15, 14, 333, 51.976830074252604, 0.153154134129774, 25723], "16": [16, -5, 227, 51.624548736462096, 0.020450279480239, 3878], "17": [17, -14, 260, 51.1659807956104, 0.003811094172915, 729], "18": [18, 36, 327, 51.057401812688795, 0.001726658992627, 331], "19": [19, 8, 346, 51.0128523827154, 0.141269742504848, 18907], "20": [20, -8, 261, 50.952243125904495, 0.109287662425204, 17275], "21": [21, 9, 324, 50.934012992260605, 0.302196434682512, 32173], "22": [22, 14, 297, 50.6532112962528, 0.069154507461448, 12783], "23": [23, 8, 325, 50.571560533456505, 0.240446338757013, 34642], "24": [24, -6, 332, 50.517638977478995, 0.141923072934491, 20381], "25": [25, 16, 312, 50.2105029913583, 0.024002115546153, 4513], "26": [26, -4, 12, 50.036568419512896, 0.236961909798919, 27346], "27": [27, 1, 215, 49.8772683439993, 0.145246761866244, 22814], "28": [28, -7, 224, 49.7588776852258, 0.013299940889152, 2281], "29": [29, -16, 287, 49.6941643246818, 0.032360596915866, 6049], "30": [30, 9, 316, 49.534089593703, 0.30167273330637, 34556], "31": [31, -6, 311, 49.1128905636678, 0.035336879984237, 6369], "32": [32, 1, 271, 49.1006319883325, 0.010748841116262, 2057], "33": [33, -7, 310, 48.9655172413793, 0.000762218834583, 145], "34": [34, -14, 293, 48.936170212766, 0.001462215723486, 282], "35": [35, 2, 11, 48.877749029754206, 0.693805805307532, 30920], "36": [36, -1, 288, 48.696651517526, 0.113767642514181, 19143], "37": [37, -27, 347, 48.0210016155089, 0.014269566209335, 2476], "38": [38, -33, 230, 47.7272727272727, 0.000684441402483, 132], "39": [39, -1, 304, 47.6370306430729, 0.063995271132128, 9268], "40": [40, -6, 344, 47.5307686353433, 0.291665370376132, 25838], "41": [41, 4, 353, 47.5187265917603, 0.062958238704124, 8544], "42": [42, -10, 290, 47.398252381327296, 0.08243889286418, 12703], "43": [43, 8, 280, 47.3051010587103, 0.023924338114053, 4156], "44": [44, 9, 338, 47.215777262181, 0.004500720737537, 862], "45": [45, -3, 326, 46.9440213252094, 0.058944923207749, 10504], "46": [46, 0, 279, 46.3793103448276, 0.003090356635452, 580], "47": [47, 8, 13, 45.911949685534594, 0.000824440780263, 159], "48": [48, -8, 255, 45.7407602400758, 0.157960779433573, 18994], "49": [49, -6, 267, 44.8648648648649, 0.008654035611694, 1665], "50": [50, -6, 351, 44.7959183673469, 0.00511256987006, 980], "51": [51, -4, 345, 44.4056676205765, 0.276628400170073, 28654], "52": [52, -2, 308, 44.0692275221613, 0.012470314946748, 2369], "53": [53, -5, 301, 43.5064935064935, 0.009125885366435, 1694], "54": [54, -2, 241, 42.8063943161634, 0.002929616609111, 563], "55": [55, 2, 343, 42.1828908554572, 0.001757769965467, 339], "56": [56, -7, 292, 41.886716387825004, 0.02576507067376, 4961], "57": [57, -1, 217, 35.024154589371996, 0.002146657125968, 414]}