{"1": [1, 17, 252, 54.9115913555992, 0.002680401534661, 1018], "2": [2, -1, 257, 54.871155444721495, 0.033767803647448, 12030], "3": [3, 2, 356, 54.651098137336696, 0.535659851789562, 35970], "4": [4, 3, 260, 54.5578231292517, 0.012303568613024, 4410], "5": [5, 1, 228, 54.2248835662009, 0.003954906185946, 1503], "6": [6, "new", 357, 53.7393917963225, 0.033431439533295, 11312], "7": [7, 33, 227, 53.586065573770504, 0.002591054816839, 976], "8": [8, 0, 330, 53.43187164273429, 0.50986492878541, 56966], "9": [9, 0, 332, 53.240864230461504, 0.132004519892784, 41239], "10": [10, 0, 355, 52.2571727636276, 0.305623587533505, 74518], "11": [11, 9, 328, 52.192066805845506, 0.010322173753088, 3832], "12": [12, 1, 316, 52.096850300814005, 0.106306827140379, 33908], "13": [13, -2, 333, 52.064919231941495, 0.073174961896253, 26248], "14": [14, -2, 341, 51.7751621426856, 0.641711777999685, 20815], "15": [15, 6, 352, 51.3082096180688, 0.212406054554055, 39405], "16": [16, 7, 261, 50.673699902528504, 0.316384611341777, 52323], "17": [17, -2, 325, 50.3758466875929, 0.153933883428812, 48424], "18": [18, -1, 11, 50.264068235231996, 0.619388237767383, 75738], "19": [19, 0, 324, 50.229235118820206, 0.081431649760866, 26174], "20": [20, 4, 331, 50.1968503937008, 0.197577127240238, 43688], "21": [21, 6, 271, 50.145583953413094, 0.008133179166448, 3091], "22": [22, 9, 10, 49.8078852695725, 0.130422557418405, 40861], "23": [23, 11, 12, 49.806584715894395, 0.249679402953697, 58165], "24": [24, -21, 237, 49.5915279878971, 0.009583749408735, 3305], "25": [25, 5, 342, 49.4639811581256, 0.070168707626005, 24626], "26": [26, -24, 286, 49.363057324840796, 0.000825143217533, 314], "27": [27, -5, 346, 49.3200693620517, 0.03021232984706, 10957], "28": [28, 5, 311, 49.256151058554295, 0.060288011772744, 20972], "29": [29, 6, 351, 49.2181375582787, 0.169921690229674, 48474], "30": [30, -4, 326, 49.2106072037332, 0.116074525674042, 35787], "31": [31, -6, 304, 49.0511570678151, 0.062760813580701, 21131], "32": [32, 0, 347, 48.9474901688642, 0.011659746675777, 4323], "33": [33, 4, 290, 48.8440763413756, 0.040124559836023, 13885], "34": [34, "new", 218, 48.4662576687117, 0.000428338676617, 163], "35": [35, -7, 280, 48.4596885020614, 0.048788563620119, 17464], "36": [36, -7, 217, 48.2736775419702, 0.008658748094813, 3157], "37": [37, 2, 345, 48.0564633891941, 0.08908393335786, 28762], "38": [38, 4, 287, 48.0167014613779, 0.003791979818153, 1437], "39": [39, -3, 215, 47.7569245796414, 0.039798707100436, 14333], "40": [40, 9, 293, 47.6439790575916, 0.001003836653177, 382], "41": [41, -37, 256, 47.357440890125204, 0.003883954380617, 1438], "42": [42, -1, 344, 47.2335431897112, 0.309063436169654, 63059], "43": [43, -5, 288, 47.178983779741, 0.129699900141904, 42786], "44": [44, -1, 297, 47.1244935435917, 0.096476060335313, 34307], "45": [45, 0, 338, 45.9151361621279, 0.004170389446576, 1579], "46": [46, 0, 312, 45.4670961803958, 0.005757607610238, 2173], "47": [47, 0, 255, 45.4278914802475, 0.214287591317601, 52525], "48": [48, "new", 13, 45.360824742268, 0.000509801860514, 194], "49": [49, 5, 267, 45.2631578947369, 0.001003836653177, 380], "50": [50, -2, 353, 44.6830652790918, 0.034698060650654, 10570], "51": [51, -37, 327, 44.2176870748299, 0.001158879487045, 441], "52": [52, -8, 279, 44.1988950276243, 0.00047563988017, 181], "53": [53, -3, 292, 43.757072802716, 0.006982183213328, 2651], "54": [54, -1, 308, 43.330349149507605, 0.002945813843486, 1117], "55": [55, -3, 259, 43.0278884462151, 0.000659589005098, 251], "56": [56, -40, 298, 42.4749163879599, 0.001576706785095, 598], "57": [57, "new", 334, 42.142857142857096, 0.000373153939139, 140], "58": [58, "new", 301, 42.0, 0.000394176696274, 150], "59": [59, -8, 224, 41.794310722100704, 0.002506963788301, 914], "60": [60, "new", 295, 40.0862068965517, 0.00200241761707, 696], "61": [61, "new", 343, 36.231884057971, 0.000362642560572, 138], "62": [62, "new", 354, 35.4609929078014, 0.000370526094497, 141], "63": [63, "new", 335, 32.4607329842932, 0.001035370788879, 382], "64": [64, "new", 322, 23.2558139534884, 0.000457244967678, 172], "65": [65, "new", 205, 21.7054263565891, 0.000338991958795, 129], "66": [66, "new", 315, 9.7402597402597, 0.000404688074841, 154]}