{"1": [1, 4, 257, 55.503144654088, 0.036003534089236, 6360], "2": [2, 6, 286, 55.4347826086957, 0.000967667290742, 184], "3": [3, 31, 237, 55.1111111111111, 0.006715821360204, 1125], "4": [4, 34, 256, 55.0819672131148, 0.00333424490397, 610], "5": [5, -3, 356, 55.058974564711505, 0.556319288133454, 12463], "6": [6, -5, 228, 54.798331015299, 0.003812819487978, 719], "7": [7, -4, 260, 54.2470389170897, 0.01677114668574, 2955], "8": [8, -4, 330, 53.9536550406116, 0.524601889054842, 25116], "9": [9, 0, 332, 53.9531759739014, 0.136293834276458, 20844], "10": [10, -3, 355, 53.8164653616549, 0.302643204240907, 36015], "11": [11, -5, 333, 52.5443262411348, 0.061878115993858, 11280], "12": [12, 0, 341, 51.936095315461706, 0.640774554557503, 7386], "13": [13, 5, 316, 51.8238722210231, 0.08644319161916, 13899], "14": [14, 31, 327, 51.7412935323383, 0.001057071333908, 201], "15": [15, -5, 325, 51.5904812472848, 0.127148326566674, 20717], "16": [16, 13, 298, 51.5625, 0.001020257904369, 192], "17": [17, -4, 11, 51.54486345903771, 0.585259902812546, 38450], "18": [18, 3, 252, 51.3207547169811, 0.002797820644971, 530], "19": [19, -2, 324, 50.9955089820359, 0.084776069167175, 13360], "20": [20, -4, 328, 50.71225071225069, 0.01141216315712, 2106], "21": [21, 4, 352, 50.5635776518613, 0.200869848749395, 16413], "22": [22, -8, 346, 50.4722121322194, 0.030176494099333, 5506], "23": [23, -8, 261, 50.1157725363997, 0.341549740202369, 25481], "24": [24, -5, 331, 49.7833867018271, 0.213517891326756, 21236], "25": [25, -5, 304, 49.678441606859906, 0.065406946168248, 10729], "26": [26, -4, 326, 49.5566448201795, 0.117997559795528, 18157], "27": [27, 5, 271, 49.4704992435703, 0.006973515366977, 1322], "28": [28, -1, 280, 49.4001116071429, 0.039832130761302, 7168], "29": [29, -18, 217, 49.3333333333333, 0.010886257020847, 1950], "30": [30, 0, 342, 49.2608275759602, 0.077734186002482, 13461], "31": [31, -3, 10, 49.1756515012329, 0.13396407009277, 20683], "32": [32, -8, 347, 48.9482660602615, 0.009482087636999, 1759], "33": [33, -10, 311, 48.748476610105904, 0.062104255632455, 10667], "34": [34, -8, 12, 48.6503959915953, 0.280281675326588, 30935], "35": [35, 1, 351, 48.534188214451405, 0.165150303973747, 23707], "36": [36, 4, 215, 48.3921680720309, 0.038848686286472, 6997], "37": [37, 6, 290, 48.3617655023016, 0.043839535519701, 7386], "38": [38, -5, 288, 48.2543867624329, 0.135683783158382, 21998], "39": [39, -4, 345, 47.8182092707232, 0.0813156067905, 13246], "40": [40, 7, 227, 47.0588235294118, 0.002692639417717, 510], "41": [41, -2, 344, 46.922096178364804, 0.311467909207565, 30589], "42": [42, 0, 287, 46.785714285714306, 0.004438647790142, 840], "43": [43, -2, 297, 46.100978059740896, 0.083713738771904, 15132], "44": [44, -13, 279, 45.631067961165, 0.000541683320361, 103], "45": [45, 6, 338, 45.213849287169, 0.00260323537455, 491], "46": [46, -9, 312, 44.6153846153846, 0.006558049519322, 1235], "47": [47, -1, 255, 44.4713507353727, 0.236936491574984, 28081], "48": [48, -4, 353, 44.2968473255402, 0.039747985779498, 5646], "49": [49, 6, 293, 44.2307692307692, 0.000820413572586, 156], "50": [50, -1, 292, 42.8709055876686, 0.005458905694512, 1038], "51": [51, -3, 224, 42.2845691382766, 0.002676862233629, 499], "52": [52, -2, 259, 42.0353982300885, 0.001199065990702, 226], "53": [53, -1, 308, 41.6158536585366, 0.0034709804994, 656], "54": [54, 0, 267, 38.7434554973822, 0.001004480720281, 191]}