{"1": [1, 0, 356, 57.563669837373396, 0.666607753646543, 19554], "2": [2, 1, 257, 56.76607223138021, 0.037598635990311, 6673], "3": [3, 1, 260, 56.1187062354118, 0.017086508571845, 2999], "4": [4, -2, 341, 55.802653709587005, 0.696928898915654, 5351], "5": [5, "new", 228, 55.16224188790561, 0.00353478120744, 678], "6": [6, 3, 330, 54.580320653882396, 0.460082963394222, 31810], "7": [7, -1, 332, 54.2767831770389, 0.101952446796345, 17595], "8": [8, 0, 328, 53.860182370820695, 0.017767473775042, 3290], "9": [9, 4, 355, 52.901461890414005, 0.297649370497053, 35844], "10": [10, -5, 261, 52.0727555104235, 0.400345160988491, 33482], "11": [11, 13, 333, 52.0326646547133, 0.029853306579891, 5633], "12": [12, -1, 346, 51.765478732139904, 0.033034609666587, 6089], "13": [13, -6, 331, 51.75506683915479, 0.245927204299957, 23190], "14": [14, 3, 347, 51.373422420193, 0.007116346283801, 1347], "15": [15, 1, 11, 51.018798809493504, 0.572608564566937, 39311], "16": [16, -4, 342, 50.663493437184506, 0.078576106958321, 13866], "17": [17, -3, 326, 50.1439783185591, 0.105331281774044, 17711], "18": [18, 5, 217, 50.0426985482494, 0.006305425889153, 1171], "19": [19, 14, 324, 49.9183324259159, 0.080743759551707, 12857], "20": [20, 28, 224, 49.7478991596639, 0.003207294124986, 595], "21": [21, -1, 286, 49.5934959349593, 0.001278759083868, 246], "22": [22, 4, 280, 49.539895165987204, 0.047548005447722, 8585], "23": [23, -8, 304, 49.5379122033186, 0.056889184609147, 9522], "24": [24, 6, 325, 49.4774219482782, 0.088068034141828, 14926], "25": [25, 0, 311, 49.460083064144, 0.062747564639712, 10835], "26": [26, -8, 12, 49.2984940146737, 0.277137243078586, 31076], "27": [27, -6, 10, 49.263839811543, 0.149781155457598, 23772], "28": [28, 7, 316, 49.0990990990991, 0.059779388066995, 10434], "29": [29, 11, 271, 48.7666034155598, 0.008218366307297, 1581], "30": [30, 9, 237, 48.3407079646018, 0.004959090105732, 904], "31": [31, -3, 351, 47.9947220389597, 0.209191470780875, 28799], "32": [32, -13, 227, 47.9395604395604, 0.003815484420972, 728], "33": [33, 1, 288, 47.2171226436215, 0.135803175065238, 22333], "34": [34, -2, 252, 46.9135802469136, 0.003789493382682, 729], "35": [35, -6, 344, 46.8891196362922, 0.333095948516951, 35633], "36": [36, 0, 352, 46.8291930257676, 0.126014950045224, 12962], "37": [37, 8, 215, 46.310658098825606, 0.050651335419547, 9026], "38": [38, 3, 345, 46.243791390728504, 0.056067867799183, 9664], "39": [39, -12, 256, 46.1904761904762, 0.003337249316436, 630], "40": [40, -3, 290, 46.1712102795624, 0.032078139457515, 5759], "41": [41, -19, 297, 45.586464736075, 0.087116762140414, 15781], "42": [42, -32, 287, 45.1312447078747, 0.006243047397257, 1181], "43": [43, -1, 255, 44.8495299092663, 0.20039610342354, 24357], "44": [44, 8, 327, 44.2176870748299, 0.001528273051452, 294], "45": [45, "new", 279, 43.8848920863309, 0.000722550864462, 139], "46": [46, -15, 338, 43.722943722943704, 0.00361275432231, 693], "47": [47, -9, 308, 43.655913978494596, 0.00241716656097, 465], "48": [48, 8, 259, 42.3076923076923, 0.000810920394648, 156], "49": [49, 4, 353, 41.8753068237604, 0.043462214228534, 6111], "50": [50, -3, 312, 41.2371134020619, 0.010651127491241, 2037], "51": [51, -8, 292, 40.6091370558376, 0.003072140725878, 591], "52": [52, -3, 267, 40.594059405940605, 0.00158545333569, 303], "53": [53, -9, 293, 40.0, 0.0015594622974, 300], "54": [54, -3, 298, 33.1081081081081, 0.0007797311487, 148], "55": [55, "new", 301, 31.6239316239316, 0.000608190295986, 117], "56": [56, "new", 208, 27.559055118110198, 0.000660172372566, 127]}