{"1": [1, 36, 260, 61.1347517730496, 0.003828451662506, 705], "2": [2, 7, 206, 59.440559440559404, 0.000753051702529, 143], "3": [3, -2, 341, 56.4597754639055, 0.580729248949414, 17191], "4": [4, -2, 330, 55.5689601494396, 0.437401918965317, 25696], "5": [5, 5, 286, 55.1378446115288, 0.00210117223293, 399], "6": [6, -3, 257, 54.4293366295838, 0.026804427733367, 4854], "7": [7, 7, 323, 53.9977477477478, 0.009668551928971, 1776], "8": [8, 27, 234, 53.488372093023195, 0.001132210601704, 215], "9": [9, 46, 293, 53.3333333333333, 0.001105880122595, 210], "10": [10, 5, 227, 52.970669340686904, 0.021733177456897, 3989], "11": [11, -7, 331, 52.623708537248504, 0.107143985591962, 14712], "12": [12, 4, 332, 52.028123309897204, 0.065362781341169, 11094], "13": [13, 4, 261, 52.023843861167194, 0.059659599566074, 10401], "14": [14, 6, 10, 51.986893740236994, 0.191796475928676, 26247], "15": [15, -9, 352, 51.9640662739947, 0.437164944653333, 23599], "16": [16, -3, 324, 51.7130820564441, 0.198831979946707, 26823], "17": [17, -5, 316, 51.11761498952681, 0.276612215235868, 34851], "18": [18, -11, 353, 50.9778123317983, 0.153827925052924, 16721], "19": [19, 9, 351, 50.6255321936202, 0.090171358758044, 15267], "20": [20, 6, 333, 50.3763171098846, 0.067500816244852, 11958], "21": [21, -16, 338, 50.35360678925031, 0.003744194129356, 707], "22": [22, 9, 325, 50.186132133360594, 0.152943220954849, 24445], "23": [23, 6, 346, 49.9565091330821, 0.08335176466871, 13796], "24": [24, -2, 12, 49.7749862401658, 0.250766216942083, 30887], "25": [25, -2, 355, 49.477749708511496, 0.482574488925401, 41168], "26": [26, -7, 326, 49.4680471260264, 0.081471768460299, 14005], "27": [27, -19, 297, 49.3529227883714, 0.088528336861618, 15995], "28": [28, -3, 342, 49.3123140030564, 0.070929044624896, 12433], "29": [29, -5, 215, 49.177266481096495, 0.193197257417296, 28381], "30": [30, 3, 344, 49.053017211585, 0.291920755790072, 28934], "31": [31, -4, 11, 48.885436893203895, 0.555925937628361, 38625], "32": [32, 0, 288, 48.752251093388196, 0.117502396073599, 19435], "33": [33, -12, 256, 48.2708231855821, 0.036004297134191, 6159], "34": [34, -4, 287, 48.1264948179644, 0.020511443226221, 3763], "35": [35, 3, 311, 48.0350894985041, 0.129993575363097, 19721], "36": [36, 12, 252, 47.5971731448763, 0.015092630625507, 2830], "37": [37, -26, 334, 47.3804100227791, 0.002311816065805, 439], "38": [38, 11, 279, 46.984126984127, 0.001732545525398, 315], "39": [39, 12, 347, 46.8803945745993, 0.02188062813991, 4055], "40": [40, 3, 224, 46.407185628742496, 0.006003349236943, 1002], "41": [41, 15, 237, 46.1588260681916, 0.02563535446091, 4634], "42": [42, 0, 280, 46.1562435071681, 0.054261851348647, 9626], "43": [43, -4, 255, 46.0949892693851, 0.193339442004487, 21434], "44": [44, 0, 345, 45.8069768898353, 0.120830568633027, 15967], "45": [45, -4, 304, 45.5298364833298, 0.025809135623032, 4709], "46": [46, "new", 228, 45.454545454545496, 0.000579270540407, 110], "47": [47, 5, 271, 45.343680709534404, 0.023855414073115, 4510], "48": [48, -12, 298, 45.1859956236324, 0.004855340347773, 914], "49": [49, 1, 312, 44.6632628251884, 0.021975417864704, 4113], "50": [50, -3, 290, 44.2408794009877, 0.035130125227759, 6277], "51": [51, 2, 308, 44.1011235955056, 0.00378105680011, 712], "52": [52, -18, 327, 43.956043956044, 0.000958429439582, 182], "53": [53, 4, 267, 43.9024390243902, 0.004976460551676, 943], "54": [54, -8, 292, 43.7444146559428, 0.011817119024298, 2238], "55": [55, -15, 13, 42.4561403508772, 0.001511369500879, 285], "56": [56, 4, 217, 38.4615384615385, 0.001506103405058, 286], "57": [57, 2, 343, 37.6436781609195, 0.001832601346014, 348], "58": [58, -13, 301, 36.4485981308411, 0.001690416758823, 321], "59": [59, 2, 335, 35.7221609702315, 0.004892203018526, 907], "60": [60, 2, 354, 31.496062992126, 0.000668794169379, 127]}