{"1": [1, 0, 260, 61.1394557823129, 0.014044619725401, 2352], "2": [2, 2, 330, 56.7590618336887, 0.478880625976778, 28140], "3": [3, 2, 286, 56.314699792960695, 0.002533066216344, 483], "4": [4, 2, 257, 55.484147386461004, 0.02556141767797, 4668], "5": [5, -2, 341, 54.9375045683795, 0.604920336903051, 13681], "6": [6, 6, 332, 54.7300373304197, 0.063358122069667, 10983], "7": [7, 0, 323, 54.191817572099296, 0.00814462077429, 1491], "8": [8, 8, 324, 52.578205568924, 0.215284406171661, 29090], "9": [9, 2, 331, 52.185030218503, 0.125142911085705, 17208], "10": [10, 3, 261, 52.162120272783596, 0.078813497099823, 12904], "11": [11, 9, 333, 51.9325777390293, 0.057641678641479, 10323], "12": [12, -2, 227, 51.8068535825545, 0.017306663589927, 3210], "13": [13, 9, 325, 51.378325232812706, 0.17205445830143, 26953], "14": [14, -12, 206, 50.887573964497, 0.000886310953545, 169], "15": [15, -1, 10, 50.6666155850126, 0.191831254785555, 26102], "16": [16, -1, 352, 50.5015432098765, 0.349300915679837, 20736], "17": [17, 10, 297, 50.317237694516805, 0.082468874227756, 14973], "18": [18, 13, 11, 50.27109583810609, 0.557835723051427, 39285], "19": [19, 0, 351, 50.1345827933406, 0.128499354933448, 20062], "20": [20, 3, 346, 50.0828402366864, 0.073406475838849, 12675], "21": [21, -4, 316, 49.5832687838885, 0.249514888975131, 32275], "22": [22, 6, 342, 49.3559599263954, 0.054101679270813, 9782], "23": [23, 3, 326, 49.2509630475103, 0.080932252278711, 14018], "24": [24, 1, 355, 49.1478026084231, 0.468701161119794, 41481], "25": [25, -1, 12, 49.1298527443106, 0.248681022456707, 31374], "26": [26, 9, 311, 48.9668281317064, 0.102198470720272, 16309], "27": [27, 6, 256, 48.4031710079275, 0.025723995426845, 4415], "28": [28, -7, 338, 48.3775811209439, 0.003566221588227, 678], "29": [29, 11, 224, 48.3370288248337, 0.005359821269365, 902], "30": [30, -1, 215, 48.178667421134506, 0.19241863245891, 28276], "31": [31, -1, 344, 48.0093195367642, 0.290007237332047, 29186], "32": [32, 5, 334, 47.985347985348, 0.001431733078803, 273], "33": [33, -1, 288, 47.9252026850318, 0.140739886090687, 22942], "34": [34, -16, 353, 47.8872518927768, 0.196215609561669, 19548], "35": [35, -27, 234, 47.787610619469, 0.001185244233734, 226], "36": [36, 19, 13, 47.588424437299, 0.001651999706311, 311], "37": [37, -1, 252, 47.3623853211009, 0.009198753920222, 1744], "38": [38, 10, 298, 47.3551637279597, 0.004206043696703, 794], "39": [39, 3, 280, 47.2560218524957, 0.044871458689519, 8054], "40": [40, 7, 271, 46.9201928227102, 0.019635196509298, 3734], "41": [41, -2, 347, 46.6121893088185, 0.015686130544688, 2937], "42": [42, 1, 255, 46.6015641878754, 0.213202362097358, 23143], "43": [43, 6, 312, 46.3740458015267, 0.019582752074178, 3668], "44": [44, 0, 345, 46.2601462400215, 0.108995269511952, 14907], "45": [45, -4, 237, 46.083231334149296, 0.026799106346826, 4902], "46": [46, "new", 310, 45.5445544554455, 0.000529688794722, 101], "47": [47, -13, 287, 45.3772106559212, 0.023909417971659, 4467], "48": [48, -2, 228, 45.3257790368272, 0.001861777446795, 353], "49": [49, 3, 327, 45.251396648044704, 0.00094924427569, 179], "50": [50, 0, 290, 45.0419137190759, 0.02690923966058, 4891], "51": [51, -6, 304, 44.9196404249523, 0.019955107563537, 3671], "52": [52, 2, 292, 43.9887640449438, 0.009356087225585, 1780], "53": [53, 0, 267, 43.8848920863309, 0.004373865889091, 834], "54": [54, -16, 279, 41.5929203539823, 0.001914221881916, 339], "55": [55, -46, 293, 41.463414634146304, 0.00107511091998, 205], "56": [56, -5, 308, 41.4442700156986, 0.003550488257691, 637], "57": [57, -1, 217, 38.5416666666667, 0.001006933154323, 192], "58": [58, -1, 343, 35.672514619883, 0.000896799840569, 171], "59": [59, 0, 335, 35.427135678392006, 0.002129244065912, 398], "60": [60, 0, 354, 33.3333333333333, 0.000639822108476, 120], "61": [61, -3, 301, 31.9371727748691, 0.001001688710811, 191]}