{"1": [1, 0, 260, 58.01713586291311, 0.00959600201579, 1634], "2": [2, 0, 330, 56.4553146302196, 0.526126532840584, 29193], "3": [3, 1, 257, 56.0366361365529, 0.02636275827314, 4804], "4": [4, -1, 286, 55.6291390728477, 0.00237800268772, 453], "5": [5, 1, 332, 55.6011223829052, 0.081098815723165, 13899], "6": [6, 1, 323, 54.8140043763676, 0.004923987905258, 914], "7": [7, -2, 341, 54.0729953581505, 0.558326684024861, 10987], "8": [8, 4, 227, 53.083923154701694, 0.016005585419117, 2967], "9": [9, 19, 338, 52.8671328671329, 0.003774357466823, 715], "10": [10, 1, 333, 52.6342197691922, 0.054998530152864, 9965], "11": [11, -3, 324, 52.1817467077246, 0.22992608768688, 30526], "12": [12, 1, 325, 52.0453440311208, 0.23101797413069, 32904], "13": [13, -3, 261, 51.8022440392707, 0.087382412229128, 14260], "14": [14, 41, 293, 51.7441860465116, 0.000902906097766, 172], "15": [15, 22, 252, 51.5923566878981, 0.008283638501596, 1570], "16": [16, 2, 11, 51.4336635739372, 0.598773727532337, 38154], "17": [17, 21, 298, 51.0504201680672, 0.002498740131026, 476], "18": [18, -1, 297, 51.0502064508408, 0.09215416596674, 16711], "19": [19, 16, 234, 50.8771929824561, 0.001196875524945, 228], "20": [20, -11, 331, 50.538887270608804, 0.116753107676802, 17165], "21": [21, 18, 280, 50.5122223349224, 0.055817444985722, 9859], "22": [22, 4, 311, 50.387075058902695, 0.112117839744667, 17826], "23": [23, -8, 10, 50.225854139290405, 0.170470771039812, 24352], "24": [24, 22, 310, 50.0, 0.000745422476062, 142], "25": [25, -4, 316, 49.8457675753228, 0.192759952964892, 27880], "26": [26, -2, 355, 49.7815731668189, 0.472267134218041, 40517], "27": [27, -7, 346, 49.6841551149324, 0.065649672434067, 11398], "28": [28, -6, 342, 49.3971020366805, 0.055177011590795, 9869], "29": [29, -10, 351, 49.3842308566235, 0.148533302536536, 22005], "30": [30, -14, 352, 49.2281760113556, 0.305633714093734, 22544], "31": [31, 10, 347, 48.448870164687904, 0.013958298336973, 2611], "32": [32, 8, 271, 48.4397783610382, 0.01805287250126, 3429], "33": [33, -8, 12, 48.009882894469605, 0.229086175037796, 29546], "34": [34, -7, 256, 47.9963008631319, 0.018152612128339, 3244], "35": [35, -5, 215, 47.7337110481586, 0.160864270115908, 24710], "36": [36, -13, 326, 47.6772446357892, 0.082547665042836, 14401], "37": [37, 10, 287, 47.6570493145079, 0.026493994624559, 4887], "38": [38, 7, 237, 47.6413864998697, 0.02074059297833, 3837], "39": [39, -6, 288, 47.6074143012254, 0.160853771207794, 25788], "40": [40, 10, 290, 47.4288337924702, 0.02355954980682, 4356], "41": [41, 2, 312, 47.098976109215, 0.020551612632286, 3809], "42": [42, -8, 353, 47.0891712827197, 0.173147992608769, 18414], "43": [43, -1, 255, 46.6069674299101, 0.24781622711238, 26466], "44": [44, -13, 344, 46.4694240381067, 0.288704224760625, 29811], "45": [45, -1, 345, 46.2398088276638, 0.097062405509827, 14228], "46": [46, -17, 224, 46.2239583333333, 0.004336049050899, 768], "47": [47, 4, 304, 45.967233774417096, 0.017102721316983, 3174], "48": [48, -12, 13, 45.5974842767296, 0.001669326390055, 318], "49": [49, 5, 279, 44.4117647058823, 0.001858306736099, 340], "50": [50, 8, 343, 43.137254901960794, 0.000813665378801, 153], "51": [51, -2, 327, 42.5373134328358, 0.000703426843608, 134], "52": [52, 4, 308, 42.4398625429553, 0.003170670250294, 582], "53": [53, 0, 267, 41.0526315789474, 0.003989585083151, 760], "54": [54, 7, 301, 40.7407407407407, 0.000850411557198, 162], "55": [55, -3, 292, 40.5485544848036, 0.007081513522594, 1349], "56": [56, 1, 217, 39.3805309734513, 0.001196875524945, 226], "57": [57, -9, 228, 38.5057471264368, 0.000913405005879, 174], "58": [58, -26, 334, 37.5, 0.00109188644381, 208], "59": [59, 0, 335, 35.7933579335793, 0.001464597681841, 271]}